{"cameraMode":{"drawMode":0,"name":"Shaded","section":"Shading Mode"},"sceneLighting":true,"audioPlay":false,"sceneViewState":{"m_AlwaysRefresh":false,"showFog":true,"showSkybox":true,"showFlares":true,"showImageEffects":true,"showParticleSystems":true,"showVisualEffectGraphs":true,"m_FxEnabled":true},"in2DMode":false,"pivot":{"x":0.085273876786232,"y":0.12341654300689697,"z":-0.7605441212654114},"rotation":{"x":-0.002214978449046612,"y":0.9924556016921997,"z":-0.01817474141716957,"w":-0.12150926887989044},"size":0.44849473237991335,"orthographic":false}