{"cameraMode":{"drawMode":0,"name":"Shaded","section":"Shading Mode"},"sceneLighting":true,"audioPlay":false,"sceneViewState":{"m_AlwaysRefresh":false,"showFog":true,"showSkybox":true,"showFlares":true,"showImageEffects":true,"showParticleSystems":true,"showVisualEffectGraphs":true,"m_FxEnabled":true},"in2DMode":false,"pivot":{"x":0.1433189958333969,"y":-0.22527670860290528,"z":-1.82340669631958},"rotation":{"x":0.0049493443220853809,"y":0.9866626262664795,"z":-0.16004793345928193,"w":0.0307746734470129},"size":1.3484947681427003,"orthographic":false}